{"stat.walkOneCm":83238,"stat.useItem.minecraft.stone_slab":22,"stat.useItem.minecraft.quartz_block":101,"achievement.openInventory":45,"stat.useItem.minecraft.stone":2,"stat.useItem.minecraft.quartz_stairs":13,"stat.leaveGame":1,"stat.useItem.minecraft.dark_oak_fence":48,"stat.useItem.minecraft.emerald_block":7,"stat.useItem.minecraft.ender_chest":4,"stat.flyOneCm":239506,"stat.jump":232,"stat.playOneMinute":56337,"stat.useItem.minecraft.planks":8,"stat.useItem.minecraft.sea_lantern":2,"stat.useItem.minecraft.nether_brick_stairs":48,"stat.useItem.minecraft.spruce_stairs":18,"stat.crouchOneCm":17990,"stat.useItem.minecraft.wool":247,"stat.enderchestOpened":2,"stat.timeSinceDeath":56337,"stat.useItem.minecraft.stained_hardened_clay":80,"stat.sprintOneCm":21863,"stat.useItem.minecraft.stained_glass":34,"stat.useItem.minecraft.diamond_block":30,"achievement.exploreAllBiomes":{"value":0,"progress":["Plains"]},"stat.useItem.minecraft.sandstone":121}