{"stats":{"minecraft:picked_up":{"minecraft:compass":1},"minecraft:dropped":{"minecraft:compass":1},"minecraft:used":{"minecraft:spruce_stairs":53,"minecraft:sandstone":1,"minecraft:quartz_slab":8,"minecraft:emerald_block":29,"minecraft:quartz_stairs":47,"minecraft:polished_diorite":1},"minecraft:custom":{"minecraft:jump":290,"minecraft:time_since_rest":62294,"minecraft:crouch_one_cm":1700,"minecraft:play_time":62294,"minecraft:leave_game":6,"minecraft:sprint_one_cm":20692,"minecraft:open_enderchest":1,"minecraft:time_since_death":62294,"minecraft:walk_one_cm":45227,"minecraft:sneak_time":1147,"minecraft:total_world_time":62294,"minecraft:drop":1,"minecraft:fall_one_cm":7929,"minecraft:fly_one_cm":102605}},"DataVersion":3465}